{
  "bubble_ratio": 0.8375830011568193,
  "completed_microbatches": 72,
  "contention": {
    "global_contended_transfer_fraction": 0.0,
    "global_peak_concurrency": 1.0,
    "per_link": {
      "a10g_node0_gpu0->a10g_node1_gpu0": {
        "contended_transfer_fraction": 0.0,
        "peak_concurrency": 1.0,
        "transfer_count": 72.0
      },
      "a10g_node1_gpu0->a10g_node0_gpu0": {
        "contended_transfer_fraction": 0.0,
        "peak_concurrency": 1.0,
        "transfer_count": 72.0
      },
      "a10g_node1_gpu0->l4_node0_gpu0": {
        "contended_transfer_fraction": 0.0,
        "peak_concurrency": 1.0,
        "transfer_count": 72.0
      },
      "l4_node0_gpu0->a10g_node1_gpu0": {
        "contended_transfer_fraction": 0.0,
        "peak_concurrency": 1.0,
        "transfer_count": 72.0
      },
      "l4_node0_gpu0->l4_node1_gpu0": {
        "contended_transfer_fraction": 0.0,
        "peak_concurrency": 1.0,
        "transfer_count": 72.0
      },
      "l4_node1_gpu0->l4_node0_gpu0": {
        "contended_transfer_fraction": 0.0,
        "peak_concurrency": 1.0,
        "transfer_count": 72.0
      }
    }
  },
  "failures": {
    "count": 0,
    "lost_work_ms": null,
    "total_downtime_ms": 0
  },
  "latency_ms": {
    "mean_ms": 95.94312395833332,
    "p50_ms": 95.88579000000004,
    "p99_ms": 128.14614999999992
  },
  "memory": {
    "peak_per_device_mb": {}
  },
  "optimizer": {
    "allreduce_time_ms": 0,
    "weight_update_time_ms": 0
  },
  "peak_in_flight_per_stage": {},
  "throughput": {
    "per_ms": 0.011324901789177633,
    "per_s": 11.324901789177632
  },
  "time_ms": {
    "communication_overhead_ratio": 0.01948712316945743,
    "compute_ms": 4130.375391999999,
    "makespan_ms": 6357.671028,
    "trace_duration_ms": 6357.671028,
    "transfer_ms": 80.48913399999999
  },
  "utilization": {
    "per_device": {
      "a10g_node0_gpu0": 0.1484051923801424,
      "a10g_node1_gpu0": 0.10464618459651531,
      "l4_node0_gpu0": 0.08996576474010008,
      "l4_node1_gpu0": 0.3066508536559653
    },
    "per_link": {
      "a10g_node0_gpu0->a10g_node1_gpu0": 0.0034500345965366853,
      "a10g_node1_gpu0->a10g_node0_gpu0": 0.002085052677563262,
      "a10g_node1_gpu0->l4_node0_gpu0": 0.002090886260307481,
      "l4_node0_gpu0->a10g_node1_gpu0": 0.0017271658051572368,
      "l4_node0_gpu0->l4_node1_gpu0": 0.0015924664795346267,
      "l4_node1_gpu0->l4_node0_gpu0": 0.0017145544259834602
    },
    "per_stage": {
      "0": 0.1484051923801424,
      "1": 0.10464618459651531,
      "2": 0.08996576474010008,
      "3": 0.3066508536559653
    }
  }
}