{
  "bubble_ratio": 0.755159268757823,
  "completed_microbatches": 72,
  "contention": {
    "global_contended_transfer_fraction": 0.0,
    "global_peak_concurrency": 1.0,
    "per_link": {
      "a10g_node0_gpu0->l4_node0_gpu0": {
        "contended_transfer_fraction": 0.0,
        "peak_concurrency": 1.0,
        "transfer_count": 72.0
      },
      "a10g_node1_gpu0->l4_node0_gpu0": {
        "contended_transfer_fraction": 0.0,
        "peak_concurrency": 1.0,
        "transfer_count": 72.0
      },
      "a10g_node1_gpu0->l4_node1_gpu0": {
        "contended_transfer_fraction": 0.0,
        "peak_concurrency": 1.0,
        "transfer_count": 72.0
      },
      "l4_node0_gpu0->a10g_node0_gpu0": {
        "contended_transfer_fraction": 0.0,
        "peak_concurrency": 1.0,
        "transfer_count": 72.0
      },
      "l4_node0_gpu0->a10g_node1_gpu0": {
        "contended_transfer_fraction": 0.0,
        "peak_concurrency": 1.0,
        "transfer_count": 72.0
      },
      "l4_node1_gpu0->a10g_node1_gpu0": {
        "contended_transfer_fraction": 0.0,
        "peak_concurrency": 1.0,
        "transfer_count": 72.0
      }
    }
  },
  "failures": {
    "count": 0,
    "lost_work_ms": null,
    "total_downtime_ms": 0
  },
  "latency_ms": {
    "mean_ms": 117.05433168055553,
    "p50_ms": 116.7178979999999,
    "p99_ms": 153.25536500999993
  },
  "memory": {
    "peak_per_device_mb": {}
  },
  "optimizer": {
    "allreduce_time_ms": 0,
    "weight_update_time_ms": 1626.3973200000046
  },
  "peak_in_flight_per_stage": {},
  "throughput": {
    "per_ms": 0.010513299318161798,
    "per_s": 10.513299318161797
  },
  "time_ms": {
    "communication_overhead_ratio": 0.011687857849966525,
    "compute_ms": 6913.354700000002,
    "makespan_ms": 7059.032483,
    "trace_duration_ms": 7059.032483,
    "transfer_ms": 80.802306999998
  },
  "utilization": {
    "per_device": {
      "a10g_node0_gpu0": 0.23043126192113894,
      "a10g_node1_gpu0": 0.16171026989167084,
      "l4_node0_gpu0": 0.1630537243980553,
      "l4_node1_gpu0": 0.42416766875784295
    },
    "per_link": {
      "a10g_node0_gpu0->l4_node0_gpu0": 0.002659648053073834,
      "a10g_node1_gpu0->l4_node0_gpu0": 0.0020548740971136374,
      "a10g_node1_gpu0->l4_node1_gpu0": 0.0019696141126257856,
      "l4_node0_gpu0->a10g_node0_gpu0": 0.0014931151011677315,
      "l4_node0_gpu0->a10g_node1_gpu0": 0.0014004767684249908,
      "l4_node1_gpu0->a10g_node1_gpu0": 0.0018689265181557127
    },
    "per_stage": {
      "0": 0.23043126192113894,
      "1": 0.1630537243980553,
      "2": 0.16171026989167084,
      "3": 0.42416766875784295
    }
  }
}