{
  "bubble_ratio": 0.7624363316530671,
  "completed_microbatches": 72,
  "contention": {
    "global_contended_transfer_fraction": 0.0,
    "global_peak_concurrency": 1.0,
    "per_link": {
      "a10g_node0_gpu0->a10g_node1_gpu0": {
        "contended_transfer_fraction": 0.0,
        "peak_concurrency": 1.0,
        "transfer_count": 72.0
      },
      "a10g_node1_gpu0->a10g_node0_gpu0": {
        "contended_transfer_fraction": 0.0,
        "peak_concurrency": 1.0,
        "transfer_count": 72.0
      },
      "a10g_node1_gpu0->l4_node0_gpu0": {
        "contended_transfer_fraction": 0.0,
        "peak_concurrency": 1.0,
        "transfer_count": 72.0
      },
      "l4_node0_gpu0->a10g_node1_gpu0": {
        "contended_transfer_fraction": 0.0,
        "peak_concurrency": 1.0,
        "transfer_count": 72.0
      },
      "l4_node0_gpu0->l4_node1_gpu0": {
        "contended_transfer_fraction": 0.0,
        "peak_concurrency": 1.0,
        "transfer_count": 72.0
      },
      "l4_node1_gpu0->l4_node0_gpu0": {
        "contended_transfer_fraction": 0.0,
        "peak_concurrency": 1.0,
        "transfer_count": 72.0
      }
    }
  },
  "failures": {
    "count": 0,
    "lost_work_ms": null,
    "total_downtime_ms": 0
  },
  "latency_ms": {
    "mean_ms": 116.45086022222225,
    "p50_ms": 116.1831005,
    "p99_ms": 152.6833742999998
  },
  "memory": {
    "peak_per_device_mb": {}
  },
  "optimizer": {
    "allreduce_time_ms": 0,
    "weight_update_time_ms": 1630.263275999998
  },
  "peak_in_flight_per_stage": {},
  "throughput": {
    "per_ms": 0.010248913703081728,
    "per_s": 10.248913703081728
  },
  "time_ms": {
    "communication_overhead_ratio": 0.01185942807308219,
    "compute_ms": 6886.572142999992,
    "makespan_ms": 7247.080531,
    "trace_duration_ms": 7247.080531,
    "transfer_ms": 81.67080699999988
  },
  "utilization": {
    "per_device": {
      "a10g_node0_gpu0": 0.22296496417945003,
      "a10g_node1_gpu0": 0.15744401281581355,
      "l4_node0_gpu0": 0.15861700005717722,
      "l4_node1_gpu0": 0.4112286963352907
    },
    "per_link": {
      "a10g_node0_gpu0->a10g_node1_gpu0": 0.0028223688025139563,
      "a10g_node1_gpu0->a10g_node0_gpu0": 0.0018203873882131963,
      "a10g_node1_gpu0->l4_node0_gpu0": 0.0019029231068997858,
      "l4_node0_gpu0->a10g_node1_gpu0": 0.0015170645548880288,
      "l4_node0_gpu0->l4_node1_gpu0": 0.0013679405048135915,
      "l4_node1_gpu0->l4_node0_gpu0": 0.0018387925928234502
    },
    "per_stage": {
      "0": 0.22296496417945003,
      "1": 0.15744401281581355,
      "2": 0.15861700005717722,
      "3": 0.4112286963352907
    }
  }
}