{
  "bubble_ratio": 0.7667383278134406,
  "completed_microbatches": 72,
  "contention": {
    "global_contended_transfer_fraction": 0.0,
    "global_peak_concurrency": 1.0,
    "per_link": {
      "a10g_node0_gpu0->l4_node0_gpu0": {
        "contended_transfer_fraction": 0.0,
        "peak_concurrency": 1.0,
        "transfer_count": 72.0
      },
      "a10g_node0_gpu0->l4_node1_gpu0": {
        "contended_transfer_fraction": 0.0,
        "peak_concurrency": 1.0,
        "transfer_count": 72.0
      },
      "a10g_node1_gpu0->l4_node1_gpu0": {
        "contended_transfer_fraction": 0.0,
        "peak_concurrency": 1.0,
        "transfer_count": 72.0
      },
      "l4_node0_gpu0->a10g_node0_gpu0": {
        "contended_transfer_fraction": 0.0,
        "peak_concurrency": 1.0,
        "transfer_count": 72.0
      },
      "l4_node1_gpu0->a10g_node0_gpu0": {
        "contended_transfer_fraction": 0.0,
        "peak_concurrency": 1.0,
        "transfer_count": 72.0
      },
      "l4_node1_gpu0->a10g_node1_gpu0": {
        "contended_transfer_fraction": 0.0,
        "peak_concurrency": 1.0,
        "transfer_count": 72.0
      }
    }
  },
  "failures": {
    "count": 0,
    "lost_work_ms": null,
    "total_downtime_ms": 0
  },
  "latency_ms": {
    "mean_ms": 109.62177333333337,
    "p50_ms": 109.05307650000009,
    "p99_ms": 143.65620409000007
  },
  "memory": {
    "peak_per_device_mb": {}
  },
  "optimizer": {
    "allreduce_time_ms": 0,
    "weight_update_time_ms": 1664.4565329999978
  },
  "peak_in_flight_per_stage": {},
  "throughput": {
    "per_ms": 0.01048056098823683,
    "per_s": 10.480560988236832
  },
  "time_ms": {
    "communication_overhead_ratio": 0.011465021910521919,
    "compute_ms": 6621.412116999995,
    "makespan_ms": 7096.549612,
    "trace_duration_ms": 7096.549612,
    "transfer_ms": 75.91463500000027
  },
  "utilization": {
    "per_device": {
      "a10g_node0_gpu0": 0.16147101093499625,
      "a10g_node1_gpu0": 0.33738979460544033,
      "l4_node0_gpu0": 0.2711305440247236,
      "l4_node1_gpu0": 0.16305533918107729
    },
    "per_link": {
      "a10g_node0_gpu0->l4_node0_gpu0": 0.0018885246680074047,
      "a10g_node0_gpu0->l4_node1_gpu0": 0.0019471134220822872,
      "a10g_node1_gpu0->l4_node1_gpu0": 0.0021063155783094933,
      "l4_node0_gpu0->a10g_node0_gpu0": 0.0017466402234460677,
      "l4_node1_gpu0->a10g_node0_gpu0": 0.0016056280337603994,
      "l4_node1_gpu0->a10g_node1_gpu0": 0.0014031788044098841
    },
    "per_stage": {
      "0": 0.2711305440247236,
      "1": 0.16147101093499625,
      "2": 0.16305533918107729,
      "3": 0.33738979460544033
    }
  }
}