{
  "bubble_ratio": 0.7615176748719197,
  "completed_microbatches": 72,
  "contention": {
    "global_contended_transfer_fraction": 0.0,
    "global_peak_concurrency": 1.0,
    "per_link": {
      "a10g_node0_gpu0->a10g_node1_gpu0": {
        "contended_transfer_fraction": 0.0,
        "peak_concurrency": 1.0,
        "transfer_count": 72.0
      },
      "a10g_node1_gpu0->a10g_node0_gpu0": {
        "contended_transfer_fraction": 0.0,
        "peak_concurrency": 1.0,
        "transfer_count": 72.0
      },
      "a10g_node1_gpu0->l4_node0_gpu0": {
        "contended_transfer_fraction": 0.0,
        "peak_concurrency": 1.0,
        "transfer_count": 72.0
      },
      "l4_node0_gpu0->a10g_node1_gpu0": {
        "contended_transfer_fraction": 0.0,
        "peak_concurrency": 1.0,
        "transfer_count": 72.0
      },
      "l4_node0_gpu0->l4_node1_gpu0": {
        "contended_transfer_fraction": 0.0,
        "peak_concurrency": 1.0,
        "transfer_count": 72.0
      },
      "l4_node1_gpu0->l4_node0_gpu0": {
        "contended_transfer_fraction": 0.0,
        "peak_concurrency": 1.0,
        "transfer_count": 72.0
      }
    }
  },
  "failures": {
    "count": 0,
    "lost_work_ms": null,
    "total_downtime_ms": 0
  },
  "latency_ms": {
    "mean_ms": 116.05805894444444,
    "p50_ms": 115.84211349999993,
    "p99_ms": 151.8908001399998
  },
  "memory": {
    "peak_per_device_mb": {}
  },
  "optimizer": {
    "allreduce_time_ms": 0,
    "weight_update_time_ms": 1629.050303
  },
  "peak_in_flight_per_stage": {},
  "throughput": {
    "per_ms": 0.01031166758338394,
    "per_s": 10.31166758338394
  },
  "time_ms": {
    "communication_overhead_ratio": 0.01199767683038366,
    "compute_ms": 6875.697701000004,
    "makespan_ms": 7207.764451,
    "trace_duration_ms": 7207.764451,
    "transfer_ms": 82.49239900000994
  },
  "utilization": {
    "per_device": {
      "a10g_node0_gpu0": 0.22349947281871868,
      "a10g_node1_gpu0": 0.15805551801043455,
      "l4_node0_gpu0": 0.15991069503389393,
      "l4_node1_gpu0": 0.41246361464927384
    },
    "per_link": {
      "a10g_node0_gpu0->a10g_node1_gpu0": 0.0029185032534018635,
      "a10g_node1_gpu0->a10g_node0_gpu0": 0.0018497448259641076,
      "a10g_node1_gpu0->l4_node0_gpu0": 0.001902103640206801,
      "l4_node0_gpu0->a10g_node1_gpu0": 0.0015658873256375612,
      "l4_node0_gpu0->l4_node1_gpu0": 0.00139644241545747,
      "l4_node1_gpu0->l4_node0_gpu0": 0.001812254005912963
    },
    "per_stage": {
      "0": 0.22349947281871868,
      "1": 0.15805551801043455,
      "2": 0.15991069503389393,
      "3": 0.41246361464927384
    }
  }
}