{
  "bubble_ratio": 0.7617070262010006,
  "completed_microbatches": 72,
  "contention": {
    "global_contended_transfer_fraction": 0.0,
    "global_peak_concurrency": 1.0,
    "per_link": {
      "a10g_node0_gpu0->a10g_node1_gpu0": {
        "contended_transfer_fraction": 0.0,
        "peak_concurrency": 1.0,
        "transfer_count": 72.0
      },
      "a10g_node0_gpu0->l4_node1_gpu0": {
        "contended_transfer_fraction": 0.0,
        "peak_concurrency": 1.0,
        "transfer_count": 72.0
      },
      "a10g_node1_gpu0->a10g_node0_gpu0": {
        "contended_transfer_fraction": 0.0,
        "peak_concurrency": 1.0,
        "transfer_count": 72.0
      },
      "l4_node0_gpu0->l4_node1_gpu0": {
        "contended_transfer_fraction": 0.0,
        "peak_concurrency": 1.0,
        "transfer_count": 72.0
      },
      "l4_node1_gpu0->a10g_node0_gpu0": {
        "contended_transfer_fraction": 0.0,
        "peak_concurrency": 1.0,
        "transfer_count": 72.0
      },
      "l4_node1_gpu0->l4_node0_gpu0": {
        "contended_transfer_fraction": 0.0,
        "peak_concurrency": 1.0,
        "transfer_count": 72.0
      }
    }
  },
  "failures": {
    "count": 0,
    "lost_work_ms": null,
    "total_downtime_ms": 0
  },
  "latency_ms": {
    "mean_ms": 108.95692949999996,
    "p50_ms": 108.45414099999971,
    "p99_ms": 140.78679901000027
  },
  "memory": {
    "peak_per_device_mb": {}
  },
  "optimizer": {
    "allreduce_time_ms": 0,
    "weight_update_time_ms": 1666.6459220000004
  },
  "peak_in_flight_per_stage": {},
  "throughput": {
    "per_ms": 0.010711439992314864,
    "per_s": 10.711439992314864
  },
  "time_ms": {
    "communication_overhead_ratio": 0.011538451746364253,
    "compute_ms": 6619.937377999999,
    "makespan_ms": 6945.166356,
    "trace_duration_ms": 6945.166356,
    "transfer_ms": 76.38382800000608
  },
  "utilization": {
    "per_device": {
      "a10g_node0_gpu0": 0.16637246521845628,
      "a10g_node1_gpu0": 0.3423436819401658,
      "l4_node0_gpu0": 0.2777202920897167,
      "l4_node1_gpu0": 0.1667354559476585
    },
    "per_link": {
      "a10g_node0_gpu0->a10g_node1_gpu0": 0.002070339177344491,
      "a10g_node0_gpu0->l4_node1_gpu0": 0.002066261521237966,
      "a10g_node1_gpu0->a10g_node0_gpu0": 0.0022246894038258627,
      "l4_node0_gpu0->l4_node1_gpu0": 0.001707099785990714,
      "l4_node1_gpu0->a10g_node0_gpu0": 0.0014029272303298322,
      "l4_node1_gpu0->l4_node0_gpu0": 0.0015268107999807134
    },
    "per_stage": {
      "0": 0.2777202920897167,
      "1": 0.1667354559476585,
      "2": 0.16637246521845628,
      "3": 0.3423436819401658
    }
  }
}