{
  "bubble_ratio": 0.6785479166927362,
  "completed_microbatches": 54,
  "contention": {
    "global_contended_transfer_fraction": 0.0,
    "global_peak_concurrency": 1.0,
    "per_link": {
      "a10g_node0_gpu0->h100_node0_gpu0": {
        "contended_transfer_fraction": 0.0,
        "peak_concurrency": 1.0,
        "transfer_count": 54.0
      },
      "a10g_node0_gpu0->l4_node0_gpu0": {
        "contended_transfer_fraction": 0.0,
        "peak_concurrency": 1.0,
        "transfer_count": 54.0
      },
      "h100_node0_gpu0->a10g_node0_gpu0": {
        "contended_transfer_fraction": 0.0,
        "peak_concurrency": 1.0,
        "transfer_count": 54.0
      },
      "l4_node0_gpu0->a10g_node0_gpu0": {
        "contended_transfer_fraction": 0.0,
        "peak_concurrency": 1.0,
        "transfer_count": 54.0
      }
    }
  },
  "failures": {
    "count": 0,
    "lost_work_ms": null,
    "total_downtime_ms": 0
  },
  "latency_ms": {
    "mean_ms": 102.28232892592587,
    "p50_ms": 101.7004294999997,
    "p99_ms": 129.40908082999968
  },
  "memory": {
    "peak_per_device_mb": {}
  },
  "optimizer": {
    "allreduce_time_ms": 0,
    "weight_update_time_ms": 1189.767646000002
  },
  "peak_in_flight_per_stage": {},
  "throughput": {
    "per_ms": 0.010866232295912586,
    "per_s": 10.866232295912585
  },
  "time_ms": {
    "communication_overhead_ratio": 0.007921129043045629,
    "compute_ms": 4915.755038000005,
    "makespan_ms": 5097.447171,
    "trace_duration_ms": 5097.447171,
    "transfer_ms": 38.9383299999997
  },
  "utilization": {
    "per_device": {
      "a10g_node0_gpu0": 0.22910387431654305,
      "h100_node0_gpu0": 0.1970592977823721,
      "l4_node0_gpu0": 0.5381930778228762
    },
    "per_link": {
      "a10g_node0_gpu0->h100_node0_gpu0": 0.0020538617956775062,
      "a10g_node0_gpu0->l4_node0_gpu0": 0.0020637202597894883,
      "h100_node0_gpu0->a10g_node0_gpu0": 0.0016021913962078877,
      "l4_node0_gpu0->a10g_node0_gpu0": 0.001919016847423188
    },
    "per_stage": {
      "0": 0.1970592977823721,
      "1": 0.22910387431654305,
      "2": 0.5381930778228762
    }
  }
}